{
    "name": "root",
    "gauges": {
        "Alien_02_MoveToGoal.Policy.Entropy.mean": {
            "value": 1.42365562915802,
            "min": 1.4189382791519165,
            "max": 1.42365562915802,
            "count": 3
        },
        "Alien_02_MoveToGoal.Policy.ExtrinsicValueEstimate.mean": {
            "value": 0.700651228427887,
            "min": -2.2480130195617676,
            "max": 0.700651228427887,
            "count": 3
        },
        "Alien_02_MoveToGoal.Environment.EpisodeLength.mean": {
            "value": 4771.5,
            "min": 2027.75,
            "max": 4771.5,
            "count": 2
        },
        "Alien_02_MoveToGoal.Environment.CumulativeReward.mean": {
            "value": -1.0,
            "min": -1.0,
            "max": -1.0,
            "count": 2
        },
        "Alien_02_MoveToGoal.Policy.ExtrinsicReward.mean": {
            "value": -1.0,
            "min": -1.0,
            "max": -1.0,
            "count": 2
        },
        "Alien_02_MoveToGoal.IsTraining.mean": {
            "value": 1.0,
            "min": 1.0,
            "max": 1.0,
            "count": 3
        },
        "Alien_02_MoveToGoal.Losses.ValueLoss.mean": {
            "value": 0.013528850860893726,
            "min": 0.013528850860893726,
            "max": 0.5281621813774109,
            "count": 2
        },
        "Alien_02_MoveToGoal.Losses.PolicyLoss.mean": {
            "value": 0.019886942580342293,
            "min": 0.019886942580342293,
            "max": 0.02346370741724968,
            "count": 2
        },
        "Alien_02_MoveToGoal.Policy.LearningRate.mean": {
            "value": 0.0002876760845538229,
            "min": 0.0002876760845538229,
            "max": 0.00029382543289102614,
            "count": 2
        }
    },
    "metadata": {
        "timer_format_version": "0.1.0",
        "start_time_seconds": "1634259659",
        "python_version": "3.7.11 (default, Jul 27 2021, 09:42:29) [MSC v.1916 64 bit (AMD64)]",
        "command_line_arguments": "C:\\Users\\rkdsw\\anaconda3\\envs\\ml-agents-2.0\\Scripts\\mlagents-learn ./trainer_config.yaml --run-id Alien_02",
        "mlagents_version": "0.16.1",
        "mlagents_envs_version": "0.16.1",
        "communication_protocol_version": "1.0.0",
        "tensorflow_version": "2.6.0",
        "end_time_seconds": "1634259879"
    },
    "total": 219.34434109999998,
    "count": 1,
    "self": 0.000537199999968152,
    "children": {
        "run_training.setup": {
            "total": 0.00618749999999979,
            "count": 1,
            "self": 0.00618749999999979
        },
        "TrainerController.start_learning": {
            "total": 219.3376164,
            "count": 1,
            "self": 8.287204699998597,
            "children": {
                "TrainerController._reset_env": {
                    "total": 5.0583054,
                    "count": 1,
                    "self": 5.0583054
                },
                "TrainerController.advance": {
                    "total": 205.85042310000142,
                    "count": 37320,
                    "self": 0.303628300002714,
                    "children": {
                        "env_step": {
                            "total": 205.5467947999987,
                            "count": 37320,
                            "self": 189.93668029999947,
                            "children": {
                                "SubprocessEnvManager._take_step": {
                                    "total": 15.240911599999421,
                                    "count": 37320,
                                    "self": 0.7849787000007851,
                                    "children": {
                                        "NNPolicy.evaluate": {
                                            "total": 14.455932899998636,
                                            "count": 37311,
                                            "self": 14.455932899998636
                                        }
                                    }
                                },
                                "workers": {
                                    "total": 0.3692028999998156,
                                    "count": 37319,
                                    "self": 0.0,
                                    "children": {
                                        "worker_root": {
                                            "total": 199.13294989999807,
                                            "count": 37319,
                                            "is_parallel": true,
                                            "self": 49.84320069999421,
                                            "children": {
                                                "steps_from_proto": {
                                                    "total": 0.00018890000000038043,
                                                    "count": 1,
                                                    "is_parallel": true,
                                                    "self": 6.57999999997827e-05,
                                                    "children": {
                                                        "_process_vector_observation": {
                                                            "total": 0.00012310000000059773,
                                                            "count": 2,
                                                            "is_parallel": true,
                                                            "self": 0.00012310000000059773
                                                        }
                                                    }
                                                },
                                                "UnityEnvironment.step": {
                                                    "total": 149.28956030000384,
                                                    "count": 37319,
                                                    "is_parallel": true,
                                                    "self": 2.2362456999984204,
                                                    "children": {
                                                        "UnityEnvironment._generate_step_input": {
                                                            "total": 1.5753888000015683,
                                                            "count": 37319,
                                                            "is_parallel": true,
                                                            "self": 1.5753888000015683
                                                        },
                                                        "communicator.exchange": {
                                                            "total": 140.7802088000031,
                                                            "count": 37319,
                                                            "is_parallel": true,
                                                            "self": 140.7802088000031
                                                        },
                                                        "steps_from_proto": {
                                                            "total": 4.697717000000759,
                                                            "count": 37317,
                                                            "is_parallel": true,
                                                            "self": 1.9290773000011097,
                                                            "children": {
                                                                "_process_vector_observation": {
                                                                    "total": 2.7686396999996497,
                                                                    "count": 74634,